{
  "train_loss": [
    0.6802298289078933,
    0.4341314308918439,
    0.2921679157477159,
    0.22084980887862352,
    0.1673427284337007,
    0.194955086765381,
    0.21253856701346543,
    0.1473271045833826,
    0.15801024021437535,
    0.17411183909727976
  ],
  "train_acc": [
    57.46268656716418,
    84.95024875621891,
    88.43283582089552,
    91.7910447761194,
    93.78109452736318,
    93.40796019900498,
    90.92039800995025,
    94.1542288557214,
    94.65174129353234,
    92.91044776119404
  ],
  "test_acc": [
    82.17821782178218,
    79.70297029702971,
    90.5940594059406,
    86.13861386138613,
    90.0990099009901,
    87.12871287128714,
    91.58415841584159,
    92.07920792079207,
    86.13861386138613,
    84.65346534653466
  ]
}